code,system
G140500,readv2
G140514,readv2
G140300,readv2
G543215,readv2
G140413,readv2
G140400,readv2
G543311,readv2
G543300,readv2
P650.00,readv2
791Dy00,readv2
G540.14,readv2
P6X..00,readv2
7915300,readv2
7912300,readv2
G11..11,readv2
ZV45H00,readv2
791y.00,readv2
7918300,readv2
G540.15,readv2
G141.00,readv2
7916z00,readv2
G12z.00,readv2
G114.00,readv2
7931000,readv2
P651.00,readv2
G541z00,readv2
7917y00,readv2
7911500,readv2
7914411,readv2
7918200,readv2
Gyu1100,readv2
791D.00,readv2
791A.00,readv2
7911100,readv2
7913300,readv2
7918500,readv2
791..00,readv2
7912511,readv2
A932200,readv2
G11..00,readv2
7911600,readv2
G541.00,readv2
791C500,readv2
7913z00,readv2
7919500,readv2
7911y00,readv2
Pyu2200,readv2
G140z00,readv2
A932300,readv2
G543.00,readv2
G544X00,readv2
7915000,readv2
7914300,readv2
7915y00,readv2
G542X00,readv2
Gyu1200,readv2
7910.12,readv2
24G..00,readv2
P641.00,readv2
G542.00,readv2
G542z00,readv2
7910100,readv2
7915.00,readv2
G54z.00,readv2
7911000,readv2
P601000,readv2
7N40000,readv2
7910000,readv2
7918y00,readv2
7910z00,readv2
P60zz00,readv2
7911411,readv2
7913411,readv2
7914211,readv2
7918100,readv2
7917.00,readv2
ZV42200,readv2
7N40300,readv2
7914.11,readv2
G13z.00,readv2
G542200,readv2
G544000,readv2
7910411,readv2
7914100,readv2
7911.12,readv2
7911.00,readv2
P63..00,readv2
7912000,readv2
P6yyC00,readv2
SP00200,readv2
P652.00,readv2
7918.00,readv2
G12..00,readv2
7914212,readv2
7912100,readv2
7919z00,readv2
791z.00,readv2
7914.00,readv2
P60z.00,readv2
G54z000,readv2
G141z00,readv2
7915200,readv2
7915100,readv2
P601z00,readv2
7918z00,readv2
G54z100,readv2
7919.00,readv2
P6yy700,readv2
7914200,readv2
791Ay00,readv2
P64..00,readv2
7912z00,readv2
7N40.00,readv2
TB01200,readv2
G540z00,readv2
ZVu6e00,readv2
G54zz00,readv2
G540.12,readv2
Gyu5800,readv2
P60..00,readv2
P600.00,readv2
7916.00,readv2
7914000,readv2
G543400,readv2
G11z.00,readv2
7918000,readv2
G54z300,readv2
G544200,readv2
P60z000,readv2
G541400,readv2
14S4.00,readv2
7914y00,readv2
7913.12,readv2
7910300,readv2
P64z.00,readv2
7917z00,readv2
7N40100,readv2
G54z014,readv2
A932.11,readv2
G13..00,readv2
P640.00,readv2
SP00400,readv2
7A65y00,readv2
G54z013,readv2
7918400,readv2
G541700,readv2
7919y00,readv2
7913100,readv2
7910200,readv2
7A65100,readv2
7914z00,readv2
A932100,readv2
7915z00,readv2
G13y.00,readv2
7910.00,readv2
7910214,readv2
7910213,readv2
7912.00,readv2
G544.00,readv2
7913y00,readv2
G140.00,readv2
7913200,readv2
Gyu5600,readv2
7913.00,readv2
SyuK611,readv2
G54..11,readv2
791B.00,readv2
P601.00,readv2
7N40z00,readv2
7912y00,readv2
P6W..00,readv2
Pyu2H00,readv2
7916y00,readv2
G543z00,readv2
7919600,readv2
Pyu2G00,readv2
7912.11,readv2
7912200,readv2
P6z0.00,readv2
P602100,readv2
G540300,readv2
Gyu5A00,readv2
7913000,readv2
7911300,readv2
G113.00,readv2
P6yy.11,readv2
7910y00,readv2
G544100,readv2
G540200,readv2
G541600,readv2
Gyu1000,readv2
Gyu5D00,readv2
7911z00,readv2
7N40200,readv2
7911200,readv2
G540.00,readv2
Gyu5500,readv2
7910.11,readv2
7912.12,readv2
7912500,readv2
7910400,readv2
G121.12,readv2
G541212,readv2
24D5.00,readv2
G541300,readv2
G122.00,readv2
G132.13,readv2
G130.00,readv2
G541500,readv2
P712.13,readv2
791A200,readv2
24D..11,readv2
P6y0.00,readv2
G120.00,readv2
G541100,readv2
P722400,readv2
G132.12,readv2
G131.13,readv2
G131.00,readv2
G133.12,readv2
G131.14,readv2
24D6.00,readv2
G541012,readv2
G133.00,readv2
G132.00,readv2
P711.13,readv2
G133.11,readv2
G112.00,readv2
P66..00,readv2
G140412,readv2
G540100,readv2
G140112,readv2
G111.11,readv2
G112.12,readv2
G14021Y,readv2
G542000,readv2
G540000,readv2
7918111,readv2
G112.13,readv2
G540.16,readv2
P65z.00,readv2
P602z00,readv2
P65..00,readv2
P611.00,readv2
P602.00,readv2
791A300,readv2
G110.11,readv2
G14021X,readv2
G140200,readv2
G111.00,readv2
G14z.11,readv2
G140100,readv2
G543012,readv2
G542011,readv2
G111.12,readv2
G542012,readv2
G141000,readv2
G543100,readv2
G140000,readv2
G542100,readv2
G140111,readv2
G141200,readv2
791D000,readv2
791D100,readv2
24D7.00,readv2
24D8.00,readv2
7917000,readv2
7917200,readv2
Gy0..00,readv2
A93..00,readv2
P61..00,readv2
P61z.00,readv2
P610.00,readv2
G110.00,readv2
G54z500,readv2
7914600,readv2
7N40400,readv2
7914500,readv2
790Dy00,readv2
790D300,readv2
7916000,readv2
7916200,readv2
7910212,readv2
7910211,readv2
7902000,readv2
7902500,readv2
A932.00,readv2
32A3.00,readv2
24D..15,readv2
24D9.00,readv2
ZV43300,readv2
14T3.00,readv2
7919000,readv2
7919200,readv2
790D700,readv2
791B200,readv2